,name,AP,RR,nDCG@1,nDCG@3,nDCG@5,nDCG@10,nDCG@20,nDCG@30,nDCG@50,R@1,R@3,R@5,R@10,R@20,R@30,R@50
0,BM25_0_FastRank Coordinate Ascent,0.006756756756756757,0.006756756756756757,0.0045045045045045045,0.007346530421493052,0.007346530421493052,0.007346530421493052,0.007346530421493052,0.007346530421493052,0.007346530421493052,0.0045045045045045045,0.009009009009009009,0.009009009009009009,0.009009009009009009,0.009009009009009009,0.009009009009009009,0.009009009009009009
