,name,AP,RR,nDCG@1,nDCG@3,nDCG@5,nDCG@10,nDCG@20,nDCG@30,nDCG@50,R@1,R@3,R@5,R@10,R@20,R@30,R@50
0,BM25_2_linearSVR,0.007882882882882882,0.007882882882882882,0.006756756756756757,0.008177769715251032,0.008177769715251032,0.008177769715251032,0.008177769715251032,0.008177769715251032,0.008177769715251032,0.006756756756756757,0.009009009009009009,0.009009009009009009,0.009009009009009009,0.009009009009009009,0.009009009009009009,0.009009009009009009
